,0,1,Ens,sequences,name
0,path:mmu04115,mmu:107831,ENSMUSG00000034730,MRGQAAAPGPIWILAPLLLLLLLLGRWARAASGADIGPGTEQCTTLVQGKFFGYFSAAAVFPANASRCSWTLRNPDPRRYTLYMKVAKAPAPCSGPGRVRTYQFDSFLESTRTYLGVESFDEVLRLCDSSAPLAFLQASKQFLQMQRQQPPQDGDLGPQGEFPSSSDDFSVEYLVVGNRNPSHAACQMLCRWLDACLAGSRSSHPCGIMQTPCACLGGDVGDPASSPLVPRGDVCLRDGVAGGPENCLTSLTQDRGGHGSAGGWKLWSLWGECTRDCGGGLQTRTRTCLPTLGVEGGGCEGVLEEGRLCNRKACGPTGRSSSRSQSLRSTDARRREEFGDELQQFGFPSPQTGDPAAEEWSPWSVCSSTCGEGWQTRTRFCVSSSYSTQCSGPLREQRLCNNSAVCPVHGAWDEWSPWSLCSSTCGRGFRDRTRTCRPPQFGGNPCEGPEKQTKFCNIALCPGRAVDGNWNEWSSWSTCSASCSQGRQQRTRECNGPSYGGAECQGHWVETRDCFLQQCPVDGKWQAWASWGSCSVTCGGGSQRRERVCSGPFFGGAACQGPQDEYRQCGAQRCPEPHEICDEDNFGAVVWKETPAGEVAAVRCPRNATGLILRRCELDEEGIAFWEPPTYIRCVSIDYRNIQMMTREHLAKAQRGLPGEGVSEVIQTLLEISQDGTSYSGDLLSTIDVLRNMTEIFRRAYYSPTPGDVQNFVQIISNLLAEENRDKWEEAQLMGPNAKELFRLVEDFVDVIGFRMKDLRDAYQVTDNLVLSIHKLPASGATDISFPMKGWRATGDWAKVPEDRVTVSKSVFSTGLAEADDSSVFVVGTVLYRNLGSFLALQRNTTVLNSKVISVTVKPPPRSLLTPLEIEFAHMYNGTTNQTCILWDETDGPSSSAPPQLGPWSWRGCRTVPLDALRTRCLCDRLSTFAILAQLSADATMDKVTVPSVTLIVGCGVSSLTLLMLVIIYVSVWRYIRSERSVILINFCLSIISSNALILIGQTQTRNKVVCTLVAAFLHFFFLSSFCWVLTEAWQSYMAVTGRLRSRLVRKRFLCLGWGLPALVVAISVGFTKAKGYSTMNYCWLSLEGGLLYAFVGPAAAVVLVNMVIGILVFNKLVSKDGITDKKLKERAGASLWSSCVVLPLLALTWMSAVLAVTDRRSALFQILFAVFDSLEGFVIVMVHCILRREVQDAVKCRVVDRQEEGNGDSGGSFQNGHAQLMTDFEKDVDLACRSVLNKDIAACRTATITGTFKRPSLPEEEKMKLAKGPPPTFNSLPANVSKLHLHGSPRYPGGPLPDFPNHSLTLKKDKAPKSSFIGDGDIFKKLDSELSRAQEKALDTSYVILPTATATLRPKPKEEPKYSINIDQMPQTRLIHLSMAPDASFPTRSPPAREPPGGAPPEVPPVQPPPPPPPPPPPPQQPIPPPPTLEPAPPSLGDTGEPAAHPGPSSGAGAKNENVATLSVSSLERRKSRYAELDFEKIMHTRKRHQDMFQDLNRKLQHAAEKEKEVPGADSKPEKQQTPNKRAWESLRKPHGTPAWVKKELEPLPPSPLELRSVEWEKAGATIPLVGQDIIDLQTEV,Adgrb1
1,path:mmu04115,mmu:107986,ENSMUSG00000002109,MAPKKCPETQKSPDVAVLLRSKSRRGPQELEPEAKKLRVQGPVSSRTCESCCLLAELSSLQIPSRSSSIVRDLYQHKLGKATWSSLQQGLQKSFLHSLASYQVFRKAAPFDRRTTSLAWHPTHPSTLAVGSKGGDIMIWNFGIKDKPIFLKGIGAGGSITGLKFNHLNTNQFFASSMEGTTRLQDFKGNILRVYTSSNSCKVWFCSLDVSAKSRVVVTGDNMGHVILLSTDGKELWNLRMHKKKVAHVALNPCCDWLLATASIDQTVKIWDLRQIKGKDSFLYSLPHRHPVNAACFSPDGARLLTTDQNNEIRVYSASQWDSPLNLISHPHRHFQHLTPIKATWHSRHNLIVVGRYPDPNLKSCVPYELRTIDVFDGSSGKMMCQLYDPGYSGITSLNEFNPMGDTLASTMGYHILIWSQEEDGSQKDHERL,Ddb2
2,path:mmu04115,mmu:11783,ENSMUSG00000019979,MDAKARNCLLQHREALEKDIKTSYIMDHMISNGVLSVIEEEKVKSQATQYQRAAALIKMILNKDNCAYISFYNALLHEGYKDLAALLQSGLPLVSSSSGKDTDGGITSFVRTVLCEGGVPQRPVIFVTRKKLVHAIQQKLWKLNGEPGWVTIYGMAGCGKSVLAAEAVRDHSLLEGCFSGGVHWVSIGKQDKSGLLMKLQNLCMRLDQEESFSQRLPLNIEEAKDRLRVLMLRKHPRSLLILDDVWDPWVLKAFDNQCQILLTTRDKSVTDSVMGPKHVVPVESGLGREKGLEILSLFVNMKKEDLPAEAHSIIKECKGSPLVVSLIGALLRDFPNRWAYYLRQLQNKQFKRIRKSSSYDYEALDEAMSISVEMLREDIKDYYTDLSILQKDVKVPTKVLCVLWDLETEEVEDILQEFVNKSLLFCNRNGKSFCYYLHDLQVDFLTEKNRSQLQDLHRKMVTQFQRYYQPHTLSPDQEDCMYWYNFLAYHMASANMHKELCALMFSLDWIKAKTELVGPAHLIHEFVAYRHILDEKDCAVCENFQEFLSLNGHLLGRQPFPNIVQLGLCEPETSEVYRQAKLQAKQEGDTGRLYLEWINKKTIKNLSRLVVRPHTDAVYHACFSQDGQRIASCGADKTLQVFKAETGEKLLDIKAHEDEVLCCAFSSDDSYIATCSADKKVKIWDSATGKLVHTYDEHSEQVNCCHFTNKSNHLLLATGSNDFFLKLWDLNQKECRNTMFGHTNSVNHCRFSPDDELLASCSADGTLRLWDVRSANERKSINVKRFFLSSEDPPEDVEVIVKCCSWSADGDKIIVAAKNKVLLFDIHTSGLLAEIHTGHHSTIQYCDFSPYDHLAVIALSQYCVELWNIDSRLKVADCRGHLSWVHGVMFSPDGSSFLTASDDQTIRVWETKKVCKNSAIVLKQEIDVVFQENETMVLAVDNIRGLQLIAGKTGQIDYLPEAQVSCCCLSPHLEYVAFGDEDGAIKIIELPNNRVFSSGVGHKKAVRHIQFTADGKTLISSSEDSVIQVWNWQTGDYVFLQAHQETVKDFRLLQDSRLLSWSFDGTVKVWNVITGRIERDFTCHQGTVLSCAISSDATKFSSTSADKTAKIWSFDLLSPLHELKGHNGCVRCSAFSLDGILLATGDDNGEIRIWNVSDGQLLHSCAPISVEEGTATHGGWVTDVCFSPDSKTLVSAGGYLKWWNVATGDSSQTFYTNGTNLKKIHVSPDFRTYVTVDNLGILYILQVLE,Apaf1
3,path:mmu04115,mmu:11920,ENSMUSG00000034218,MSLALNDLLICCRQLEHDRATERRKEVDKFKRLIQDPETVQHLDRHSDSKQGKYLNWDAVFRFLQKYIQKEMESLRTAKSNVSATTQSSRQKKMQEISSLVRYFIKCANKRAPRLKCQDLLNYVMDTVKDSSNGLTYGADCSNILLKDILSVRKYWCEVSQQQWLELFSLYFRLYLKPSQDINRVLVARIIHAVTRGCCSQTDGLPSKFLDLFSKAIQYARQEKSSPGLSHILAALNIFLKSLAVNFRKRVCEAGDEILPTLLYIWTQHRLNDSLKEVIIELIQLQIYIHHPQGARAPEEGAYESMKWKSILYNLYDLLVNEISHIGSRGKYSSGSRNIAVKENLIDLMADICYQLFDADTRSVEISQSYVTQRESTDYSVPCKRRKIDVGWEVIKDYLQKSQSDFDLVPWLQITTRLISKYPSSLPNCELSPLILILYQLLPQQRRGERIPYVLRCLKEVALCQGKKSNLESSQKSDLLKLWIKIWSITFRGISSGQTQTENFGLLEAIIQGSLVELDREFWKLFTGSACKPSSPSVCCLTLALSICVVPDAIKMGTEQSVCEANRSFSVKESIMRWLLFYQLEDDLEDSTELPPILQSNFPHLVVEKILVSLTMKNSKAAMKFFQSVPECEQHCEDKEEPSFSEVEELFLQTTFDKMDFLTTVKEYAVEKFQSSVGFSVQQNLKESLDHYLLGLSEQLLSNYSSEITSSETLVRCSSLLVGVLGCYCYMGIITEDEAHKSELFQKAKSLMQCAGESISLFKNKTNEESRIGSLRNVMHLCTSCLCIHTKHTPNKIASGFFLRLLTSKLMNDIADICKSLASCTKKPLDHGVHPGEDDEDGGGCDSLMEAEGPSSTGLSTAYPASSVSDANDYGENQNAVGAMSPLAADYLSKQDHLLLDMLRFLGRSVTASQSHTVSFRGADIRRKLLLLLDSSILDLMKPLHLHMYLVLLKDLPGNEHSLPMEDVVELLQPLSLVCSLHRRDQDVCKTILSNVLHIVTNLGQGSVDMESTRIAQGHFLTVMGAFWHLTKEKKCVFSVRMALVKCLQTLLEADPYSEWAILNVKGQDFPVNEAFSQFLADDHHQVRMLAAGSVNRLFQDMRQGDFSRSLKALPLKFQQTSFNNAYTTAEAGIRGLLCDSQNPDLLDEIYNRKSVLLMMIAVVLHCSPVCEKQALFALCKSVKENRLEPHLVKKVLEKVSESFGCRSLEDFMISHLDYLVLEWLNLQDTEYSLSSFPFMLLNYTSIEDFYRSCYKILIPHLVIRSHFDEVKSIANQIQKCWKSLLVDCFPKILVHILPYFAYEGTRDSYVSQKRETATKVYDTLKGEDFLGKQIDQVFISNLPEIVVELLMTLHETADSADSDASQSATALCDFSGDLDPAPNPPYFPSHVIQATFAYISNCHKTKFKSILEILSKIPDSYQKILLAICEQAAETNNVFKKHRILKIYHLFVSLLLKDIQSGLGGAWAFVLRDVIYTLIHYINKRSSHFTDVSLRSFSLCCDLLSRVCHTAVTQCKDALESHLHVIVGTLIPLVDYQEVQEQVLDLLKYLVIDNKDNKNLSVTIKLLDPFPDHVIFKDLRLTQQKIKYSGGPFSLLEEINHFLSVSAYNPLPLTRLEGLKDLRRQLEQHKDQMLDLLRASQDNPQDGIVVKLVVSLLQLSKMAVNQTGEREVLEAVGRCLGEIGPLDFSTIAVQHNKDVSYTKAYGLPEDRELQWTLIMLTALNNTLVEDSVKIRSAAATCLKNILATKIGHIFWENYKTSADPMLTYLQPFRTSRKKFLEVPRSVKEDVLEGLDAVNLWVPQSESHDIWIKTLTCAFLDSGGINSEILQLLKPMCEVKTDFCQMLLPYLIHDVLLQDTHESWRTLLSAHVRGFFTSCFKHSSQASRSATPANSDSESENFLRCCLDKKSQRTMLAVVDYLRRQKRPSSGTAFDDAFWLDLNYLEVAKVAQSCSAHFTALLYAEIYSDKKSTDEQEKRSPTFEEGSQGTTISSLSEKSKEETGISLQDLLLEIYRSIGEPDSLYGCGGGKMLQPLTRIRTYEHEATWEKALVTYDLETSISSSTRQSGIIQALQNLGLSHILSVYLKGLDYERREWCAELQELRYQAAWRNMQWGLCASAGQEVEGTSYHESLYNALQCLRNREFSTFYESLRYARVKEVEELSKGSLESVYSLYPTLSRLQAIGELENSGELFSRSVTDRERSEAYWKWQKHSQLLKDSDFSFQEPLMALRTVILETLVQKEMERSQGACSKDILTKHLVEFSVLARTFKNTQLPERAIFKIKQYNSAICGISEWHLEEAQVFWAKKEQSLALSILKQMIKKLDSSFKDKENDAGLKVIYAECLRVCGSWLAETCLENPAVIMQTYLEKAVKVAGSYDGNSRELRNGQMKAFLSLARFSDTQYQRIENYMKSSEFENKQTLLKRAKEEVGLLREHKIQTNRYTVKVQRELELDECALRALREDRKRFLCKAVENYINCLLSGEEHDLWVFRLCSLWLENSGVSEVNGMMKKDGMKISSYKFLPLMYQLAARMGTKMTGGLGFHEVLNNLISRISLDHPHHTLFIILALANANKDEFLSKPETTRRSRITKSTSKENSHLDEDRTEAATRIIHSIRSKRCKMVKDMEALCDAYIILANMDASQWRAQRKGINIPANQPITKLKNLEDVVVPTMEIKVDPTGEYENLVTIKSFKTEFRLAGGLNLPKIIDCVGSDGKERRQLVKGRDDLRQDAVMQQVFQMCNTLLQRNTETRKRKLTICTYKVVPLSQRSGVLEWCTGTVPIGEYLVNSEDGAHRRYRPNDFSANQCQKKMMEVQKKSFEEKYDTFMTICQNFEPVFRYFCMEKFLDPAVWFEKRLAYTRSVATSSIVGYILGLGDRHVQNILINEQSAELVHIDLGVAFEQGKILPTPETVPFRLSRDIVDGMGITGVEGVFRRCCEKTMEVMRSSQETLLTIVEVLLYDPLFDWTMNPLKALYLQQRPEDESDLHSTPNADDQECKQSLSDTDQSFNKVAERVLMRLQEKLKGVEEGTVLSVGGQVNLLIQQAMDPKNLSRLFPGWKAWV,Atm
4,path:mmu04115,mmu:12028,ENSMUSG00000003873,MDGSGEQLGSGGPTSSEQIMKTGAFLLQGFIQDRAGRMAGETPELTLEQPPQDASTKKLSECLRRIGDELDSNMELQRMIADVDTDSPREVFFRVAADMFADGNFNWGRVVALFYFASKLVLKALCTKVPELIRTIMGWTLDFLRERLLVWIQDQGGWEGLLSYFGTPTWQTVTIFVAGVLTASLTIWKKMG,Bax
5,path:mmu04115,mmu:12043,ENSMUSG00000057329,MAQAGRTGYDNREIVMKYIHYKLSQRGYEWDAGDADAAPLGAAPTPGIFSFQPESNPMPAVHRDMAARTSPLRPLVATAGPALSPVPPVVHLTLRRAGDDFSRRYRRDFAEMSSQLHLTPFTARGRFATVVEELFRDGVNWGRIVAFFEFGGVMCVESVNREMSPLVDNIALWMTEYLNRHLHTWIQDNGGWDAFVELYGPSMRPLFDFSWLSLKTLLSLALVGACITLGAYLGHK,Bcl2
6,path:mmu04115,mmu:12048,ENSMUSG00000007659,MSQSNRELVVDFLSYKLSQKGYSWSQFSDVEENRTEAPEETEAERETPSAINGNPSWHLADSPAVNGATGHSSSLDAREVIPMAAVKQALREAGDEFELRYRRAFSDLTSQLHITPGTAYQSFEQVVNELFRDGVNWGRIVAFFSFGGALCVESVDKEMQVLVSRIASWMATYLNDHLEPWIQENGGWDTFVDLYGNNAAAESRKGQERFNRWFLTGMTVAGVVLLGSLFSRK,Bcl2l1
7,path:mmu04115,mmu:12122,ENSMUSG00000004446,MDSEVSNGSGLGAEHITDLLVFGFLQSSGCTRQELEVLGRELPVQAYWEADLEDELQTDGSQASRSFNQGRIEPDSESQEEIIHNIARHLAQIGDEMDHNIQPTLVRQLAAQFMNGSLSEEDKRNCLAKALDEVKTAFPRDMENDKAMLIMTMLLAKKVASHAPSLLRDVFHTTVNFINQNLFSYVRNLVRNEMD,Bid
8,path:mmu04115,mmu:12367,ENSMUSG00000031628,MENNKTSVDSKSINNFEVKTIHGSKSVDSGIYLDSSYKMDYPEMGICIIINNKNFHKSTGMSSRSGTDVDAANLRETFMGLKYQVRNKNDLTREDILELMDSVSKEDHSKRSSFVCVILSHGDEGVIYGTNGPVELKKLTSFFRGDYCRSLTGKPKLFIIQACRGTELDCGIETDSGTDEEMACQKIPVEADFLYAYSTAPGYYSWRNSKDGSWFIQSLCSMLKLYAHKLEFMHILTRVNRKVATEFESFSLDSTFHAKKQIPCIVSMLTKELYFYH,Casp3
9,path:mmu04115,mmu:12370,ENSMUSG00000026029,MDFQSCLYAIAEELGSEDLAALKFLCLDYIPHKKQETIEDAQKLFLRLREKGMLEEGNLSFLKELLFHISRWDLLVNFLDCNREEMVRELRDPDNAQISPYRVMLFKLSEEVSELELRSFKFLLNNEIPKCKLEDDLSLLEIFVEMEKRTMLAENNLETLKSICDQVNKSLLGKIEDYERSSTERRMSLEGREELPPSVLDEMSLKMAELCDSPREQDSESRTSDKVYQMKNKPRGYCLIINNHDFSKAREDITQLRKMKDRKGTDCDKEALSKTFKELHFEIVSYDDCTANEIHEILEGYQSADHKNKDCFICCILSHGDKGVVYGTDGKEASIYDLTSYFTGSKCPSLSGKPKIFFIQACQGSNFQKGVPDEAGFEQQNHTLEVDSSSHKNYIPDEADFLLGMATVKNCVSYRDPVNGTWYIQSLCQSLRERCPQGDDILSILTGVNYDVSNKDDRRNKGKQMPQPTFTLRKKLFFPP,Casp8
10,path:mmu04115,mmu:12371,ENSMUSG00000028914,MDEADRQLLRRCRVRLVSELQVAELWDALLSRELFTRDMIEDIQQAGSGSRRDQARQLVTDLETRGRQALPLFISCLEDTGQGTLASLLQSGRQAAKQDPEAVKPLDHLVPVVLGPMGLTAKEQRVVKLDPSQPAVGNLTPVVLGPEELWPARLKPEVLRPETPRPVDIGSGGAHDVCVPGKIRGHADMAYTLDSDPCGHCLIINNVNFCPSSGLGTRTGSNLDRDKLEHRFRWLRFMVEVKNDLTAKKMVTALMEMAHRNHRALDCFVVVILSHGCQASHLQFPGAVYGTDGCSVSIEKIVNIFNGSGCPSLGGKPKLFFIQACGGEQKDHGFEVACTSSQGRTLDSDSEPDAVPYQEGPRPLDQLDAVSSLPTPSDILVSYSTFPGFVSWRDKKSGSWYIETLDGILEQWARSEDLQSLLLRVANAVSAKGTYKQIPGCFNFLRKKLFFKTS,Casp9
11,path:mmu04115,mmu:12442,ENSMUSG00000032218,MALLRRPTVSSDLKNIDTEVIPKAKSHVTIRRAVLEEIGNKVRNRTTQVAKKPQNTKVPALPTKVTNVNKQPKPTASVKPVQMEALAPKDRPPAPEDVSMKEESLCQAFSDALLCKIEDIDNEDRENPQLCSDYVKDIYQYLRQLEVLQSINPHFLDGRDINGRMRAILVDWLVQVHSKFRLLQETLYMCIAIMDRFLQAQLVCRKKLQLVGITALLLASKYEEMFSPNIEDFVYITDNAYTSSQIREMETLILKELKFELGRPLPLHFLRRASKAGEVDVEQHTLAKYLMELTLVDYDMVHYHPSQVAAAASCLSQKVLGQGKWNLKQQYYTGYMESEVLEVMQHMAKNVVKVNDNRTKFIAVKNKYASSRLLKISTIPQLNSKIIKDLASPLLGSP,Ccnb2
12,path:mmu04115,mmu:12443,ENSMUSG00000070348,MEHQLLCCEVETIRRAYPDTNLLNDRVLRAMLKTEETCAPSVSYFKCVQKEIVPSMRKIVATWMLEVCEEQKCEEEVFPLAMNYLDRFLSLEPLKKSRLQLLGATCMFVASKMKETIPLTAEKLCIYTDNSIRPEELLQMELLLVNKLKWNLAAMTPHDFIEHFLSKMPEADENKQTIRKHAQTFVALCATDVKFISNPPSMVAAGSVVAAMQGLNLGSPNNFLSCYRTTHFLSRVIKCDPDCLRACQEQIEALLESSLRQAQQNVDPKATEEEGEVEEEAGLACTPTDVRDVDI,Ccnd1
13,path:mmu04115,mmu:12444,ENSMUSG00000000184,MELLCCEVDPVRRAVPDRNLLEDRVLQNLLTIEERYLPQCSYFKCVQKDIQPYMRRMVATWMLEVCEEQKCEEEVFPLAMNYLDRFLAGVPTPKTHLQLLGAVCMFLASKLKETIPLTAEKLCIYTDNSVKPQELLEWELVVLGKLKWNLAAVTPHDFIEHILRKLPQQKEKLSLIRKHAQTFIALCATDFKFAMYPPSMIATGSVGAAICGLQQDDEVNTLTCDALTELLAKITHTDVDCLKACQEQIEALLLNSLQQFRQEQHNAGSKSVEDPDQATTPTDVRDVDL,Ccnd2
14,path:mmu04115,mmu:12445,ENSMUSG00000034165,MELLCCEGTRHAPRAGPDPRLLGDQRVLQSLLRLEERYVPRASYFQCVQKEIKPHMRKMLAYWMLEVCEEQRCEEDVFPLAMNYLDRYLSCVPTRKAQLQLLGTVCLLLASKLRETTPLTIEKLCIYTDQAVAPWQLREWEVLVLGKLKWDLAAVIAHDFLALILHRLSLPSDRQALVKKHAQTFLALCATDYTFAMYPPSMIATGSIGAAVLGLGACSMSADELTELLAGITGTEVDCLRACQEQIEAALRESLREAAQTAPSPVPKAPRGSSSQGPSQTSTPTDVTAIHL,Ccnd3
15,path:mmu04115,mmu:12447,ENSMUSG00000002068,MPRERDSTDHSNMKEEGGSDLSVRSRKRKANVAVFLQDPDEEIAKIDKTVKSEDSSQPWDDNSACVDPCSFIPTPNKEEDNELEYPRTAFQPRKIRPPRASPLPVLNWGNREEVWRIMLNKEKTYLRDEHFLQRHPLLQARMRAVLLDWLMEVCEVYKLHRETFYLAQDFFDRYMASQHNIIKTLLQLIGISALFIASKLEEIYPPKLHQFAYVTDGACSGDEILTMELMMMKALKWRLSPLTIVSWLNVYVQVAYVNDTGEVLMPQYPQQVFVQIAELLDLCVLDVGCLEFPYGVLAASALYHFSSLELMQKVSGYQWCDIEKCVKWMVPFAMVIREMGSSKLKHFRGVPMEDSHNIQTHTNSLDLLDKAQAKKAILSEQNRISPPPSVVLTPPPSSKKQSSEQETE,Ccne1
16,path:mmu04115,mmu:12448,ENSMUSG00000028212,MSRRSSRLQAKQHAQPNQPDSPQETQIIQAKKRKTAQDVKKRKEEITKKHQYEIRNCWPPVLSGGISPCIIIETPHKEIGTSDFSRFTNYRFKNLFINPSPLPDLSWACSQEVWQNMLQKENRYVHDKHFQVLHSDLEPQMRSILLDWLLEVCEVYTLHRETFYLAQDFFDRFMLTQKDVNKNMLQLIGITSLFIASKLEEIYAPKLQEFAYVTDGACSEVDILKMELNILKALKWELCPVTVISWLNLFLQVDAVKDVPKVLLPQYSQETFIQIAQLLDLCILAIDSLEFQYRILAAAALCHFTSIEVVKKASGLEWDDISECVDWMVPFVSVVKSVSPVKLKTFKKIPMEDRHNIQTHTNYLALLNEVNYVNIYRKGGQLSPVCNGGIMTPPKSTEKPPGKH,Ccne2
17,path:mmu04115,mmu:12450,ENSMUSG00000020326,MIEVLTTDSQKLLHQLNTLLEQESRCQPKVCGLKLIESAHDNGLRMTARLRDFEVKDLLSLTQFFGFDTETFSLAVNLLDRFLSKMKVQAKHLGCVGLSCFYLAVKATEEERNVPLATDLIRISQYRFTVSDLMRMEKIVLEKVCWKVKATTAFQFLQLYYSLVHDTLPFERRNDLNFERLEAQLKACHCRIIFSKAKPSVLALSILALEIQALKYVELTEGVECIQKHSKISGRDLTFWQELVSKCLTEYSSNKCSKPNGQKLKWIVSGRTARQLKHSYYRITHLPTIPETIC,Ccng1
18,path:mmu04115,mmu:12452,ENSMUSG00000029385,MKDLGAKHLAGGEGVQLFGLLNFYLEQEQRYQPREKGLILMEATPENDNTLCSRLRNAKVEDLRSLTNFFGSGTETFVLAVNILDRFLALMKVKPKHLSCIGVCCFLLAARLAEEEGDVPPTHDVIRISQCKCTASDIKRMEKIISEKLHYELEATTALNFLHLYHAIVFCHTSERKEILSLDKLEAQLKACNCRVVFSKARPSVLALCLLNLEIETIKSVELLEILLLVKKHLKLSDTEFFYWRELVSKCLAEYSSPRCCKPDLKKLVWIVSRRTAQNLHSSYYSVPELPTIPEGGCFDGSESEDSGEDMSCGEESLSSSPPSDQECTFFFDFQVAQTLCFPP,Ccng2
19,path:mmu04115,mmu:12521,ENSMUSG00000027215,MGAGCVKVTKYFLFLFNLLFFILGAVILGFGVWILADKNSFISVLQTSSSSLQVGAYVFIGVGAITIVMGFLGCIGAVNEVRCLLGLYFVFLLLILIAQVTVGVLFYFNADKLKKEMGNTVMDIIRNYTANATSSREEAWDYVQAQVKCCGWVSHYNWTENEELMGFTKTTYPCSCEKIKEEDNQLIVKKGFCEADNSTVSENNPEDWPVNTEGCMEKAQAWLQENFGILLGVCAGVAVIELLGLFLSICLCRYIHSEDYSKVPKY,Cd82
20,path:mmu04115,mmu:12534,ENSMUSG00000019942,MEDYIKIEKIGEGTYGVVYKGRHRVTGQIVAMKKIRLESEEEGVPSTAIREISLLKELRHPNIVSLQDVLMQDSRLYLIFEFLSMDLKKYLDSIPPGQFMDSSLVKSYLHQILQGIVFCHSRRVLHRDLKPQNLLIDDKGTIKLADFGLARAFGIPIRVYTHEVVTLWYRSPEVLLGSARYSTPVDIWSIGTIFAELATKKPLFHGDSEIDQLFRIFRALGTPNNEVWPEVESLQDYKNTFPKWKPGSLASHVKNLDENGLDLLSKMLVYDPAKRISGKMALKHPYFDDLDNQIKKM,Cdk1
21,path:mmu04115,mmu:12566,ENSMUSG00000025358,MENFQKVEKIGEGTYGVVYKAKNKLTGEVVALKKIRLDTETEGVPSTAIREISLLKELNHPNIVKLLDVIHTENKLYLVFEFLHQDLKKFMDASALTGIPLPLIKSYLFQLLQGLAFCHSHRVLHRDLKPQNLLINAEGSIKLADFGLARAFGVPVRTYTHEVVTLWYRAPEILLGCKYYSTAVDIWSLGCIFAEMHLVCTQHHAKCCGEHRRNGRHSLCPLCSYLEVAASQGGGMTAVSAPHPVTRRALFPGDSEIDQLFRIFRTLGTPDEVVWPGVTSMPDYKPSFPKWARQDFSKVVPPLDEDGRSLLSQMLHYDPNKRISAKAALAHPFFQDVTKPVPHLRL,Cdk2
22,path:mmu04115,mmu:12567,ENSMUSG00000006728,MAATRYEPVAEIGVGAYGTVYKARDPHSGHFVALKSVRVPNGGAAGGGLPVSTVREVALLRRLEAFEHPNVVRLMDVCATSRTDRDIKVTLVFEHIDQDLRTYLDKAPPPGLPVETIKDLMRQFLSGLDFLHANCIVHRDLKPENILVTSNGTVKLADFGLARIYSYQMALTPVVVTLWYRAPEVLLQSTYATPVDMWSVGCIFAEMFRRKPLFCGNSEADQLGKIFDLIGLPPEDDWPREVSLPRGAFAPRGPRPVQSVVPEMEESGAQLLLEMLTFNPHKRISAFRALQHSYLHKEESDAE,Cdk4
23,path:mmu04115,mmu:12571,ENSMUSG00000040274,MEKDSLSRADQQYECVAEIGEGAYGKVFKARDLKNGGRFVALKRVRVQTSEEGMPLSTIREVAVLRHLETFEHPNVVRLFDVCTVSRTDRETKLTLVFEHVDQDLTTYLDKVPEPGVPTETIKDMMFQLLRGLDFLHSHRVVHRDLKPQNILVTSSGQIKLADFGLARIYSFQMALTSVVVTLWYRAPEVLLQSSYATPVDLWSVGCIFAEMFRRKPLFRGSSDVDQLGKILDIIGLPGEEDWPRDVALPRQAFHSKSAQPIEKFVTDIDELGKDLLLKCLTFNPAKRISAYGALNHPYFQDLERYKDNLNSHLPSNQSTSELNTA,Cdk6
24,path:mmu04115,mmu:12575,ENSMUSG00000023067,MSNPGDVRPVPHRSKVCRCLFGPVDSEQLRRDCDALMAGCLQEARERWNFDFVTETPLEGNFVWERVRSLGLPKVYLSPGSRSRDDLGGDKRPSTSSALLQGPAPEDHVALSLSCTLVSERPEDSPGGPGTSQGRKRRQTSLTDFYHSKRRLVFCKRKP,Cdkn1a
25,path:mmu04115,mmu:12578,ENSMUSG00000044303,MESAADRLARAAAQGRVHDVRALLEAGVSPNAPNSFGRTPIQVMMMGNVHVAALLLNYGADSNCEDPTTFSRPVHDAAREGFLDTLVVLHGSGARLDVRDAWGRLPLDLAQERGHQDIVRYLRSAGCSLCSAGWSLCTAGNVAQTDGHSFSSSTPRALELRGQSQEQS,Cdkn2a
26,path:mmu04115,mmu:12649,ENSMUSG00000032113,MAVPFVEDWDLVQTLGEGAYGEVQLAVNRITEEAVAVKIVDMKRAIDCPENIKKEICINKMLSHENVVKFYGHRREGHIQYLFLEYCSGGELFDRIEPDIGMPEQDAQRFFHQLMAGVVYLHGIGITHRDIKPENLLLDERDNLKISDFGLATVFRHNNRERLLNKMCGTLPYVAPELLKRKEFHAEPVDVWSCGIVLTAMLAGELPWDQPSDSCQEYSDWKEKKTYLNPWKKIDSAPLALLHKILVETPSARITIPDIKKDRWYNKPLNRGAKRPRATSGGMSESSSGFSKHIHSNLDFSPVNNGSSEETVKFSSSQPEPRTGLSLWDTGPSNVDKLVQGISFSQPTCPEHMLVNSQLLGTPGSSQNPWQRLVKRMTRFFTKLDADKSYQCLKETFEKLGYQWKKSCMNQVTVSTTDRRNNKLIFKINLVEMDEKILVDFRLSKGDGLEFKRHFLKIKGKLSDVVSSQKVWFPVT,Chek1
27,path:mmu04115,mmu:13063,ENSMUSG00000063694,MGDVEKGKKIFVQKCAQCHTVEKGGKHKTGPNLHGLFGRKTGQAAGFSYTDANKNKGITWGEDTLMEYLENPKKYIPGTKMIFAGIKKKGERADLIAYLKKATNE,Cycs
28,path:mmu04115,mmu:13067,ENSMUSG00000056436,MGDAEAGKKIFVQKCAQCHTVEKGGKHKTGPNLWGLFGRKTGQAPGFSYTDANKNKGVIWSEETLMEYLENPKKYIPGTKMIFAGIKKKSEREDLIKYLKQATSS,Cyct
29,path:mmu04115,mmu:13197,ENSMUSG00000036390,MTLEEFSAAEQKTERMDTVGDALEEVLSKARSQRTITVGVYEAAKLLNVDPDNVVLCLLAADEDDDRDVALQIHFTLIRAFCCENDINILRVSNPGRLAELLLLENDAGPAESGGAAQTPDLHCVLVTNPHSSQWKDPALSQLICFCRESRYMDQWVPVINLPER,Gadd45a
30,path:mmu04115,mmu:13663,ENSMUSG00000062762,MADSVKTFLQDLGRGIKDSIWGICTISKLDARIQQKREEQRRRRASSLLAQRRPQSVERKQESEPRIVSRIFQCCAWNGGVFWFSLLLFYRVFIPVLQSVTARIIGDPSLHGDVWSWLEFFLTSIFSALWVLPLFVLSKVVNAIWFQDIADLAFEVSGRKPHPFPSVSKIIADMLFNLLLQALFLIQGMFVSLFPIHLVGQLVSLLHMSLLYSLYCFEYRWFNKGIEMHQRLSNIERNWPYYFGFGLPLAFLTAMQSSYIISGCLFSILFPLFIISANEAKTPGKAYLFQLRLFSLVVFLSNRLFHKTVYLQSALSSSSSAEKFPSPHPSPAKLKAAAGH,Ei24
31,path:mmu04115,mmu:140742,ENSMUSG00000038332,MRLAAASNEAYAASLAVSELLSCHQCGGDRGQDEELGIRIPRPLGHGPSRFIPEKEMLQVGSEDAQMHALFADSFAALGRLDNITLVMVFHPQYLESFLKTQHYLLQMDGPLPLHYRHYIGIMAAARHQCSYLVNLHVSDFLHVGGDPKWLNGLENAPQKLQNLGELNKVLAHRPWLITKEHIEGLLKAEEHSWSLAELVHAVVLLTHYHSLASFTFGCGISPEIHCDGGHTFRPPSVSNYCICDITNGNHSVDEMQVNSAGNASVSDSFFEVEALMEKMRQLQECREEEEASQEEMASRFEMEKRESMFVFSSDDDEVTPARDVSRHFEDTSYGYKDFSRHGMHVPTFRVQDYCWEDHGYSLVNRLYPDVGQLIDEKFHIAYNLTYNTMAMHKDVDTSMLRRAIWNYIHCMFGIRYDDYDYGEINQLLDRSFKVYIKTVVCTPEKVTKRMYDSFWRQFKHSEKVHVNLLLIEARMQAELLYALRAITRYMT,Sesn1
32,path:mmu04115,mmu:14102,ENSMUSG00000024778,MLWIWAVLPLVLAGSQLRVHTQGTNSISESLKLRRRVRETDKNCSEGLYQGGPFCCQPCQPGKKKVEDCKMNGGTPTCAPCTEGKEYMDKNHYADKCRRCTLCDEEHGLEVETNCTLTQNTKCKCKPDFYCDSPGCEHCVRCASCEHGTLEPCTATSNTNCRKQSPRNRLWLLTILVLLIPLVFIYRKYRKRKCWKRRQDDPESRTSSRETIPMNASNLSLSKYIPRIAEDMTIQEAKKFARENNIKEGKIDEIMHDSIQDTAEQKVQLLLCWYQSHGKSDAYQDLIKGLKKAECRRTLDKFQDMVQKDLGKSTPDTGNENEGQCLE,Fas
33,path:mmu04115,mmu:16000,ENSMUSG00000020053,MGKISSLPTQLFKICLCDFLKIKIHIMSSSHLFYLALCLLTFTSSTTAGPETLCGAELVDALQFVCGPRGFYFNKPTGYGSSIRRAPQTGIVDECCFRSCDLRRLEMYCAPLKPTKAARSIRAQRHTDMPKTQKEVHLKNTSRGSAGNKTYRM,Igf1
34,path:mmu04115,mmu:16009,ENSMUSG00000020427,MHPARPALWAAALTALTLLRGPPVARAGAGAVGAGPVVRCEPCDARALSQCAPPPTAPACTELVREPGCGCCLTCALREGDACGVYTERCGTGLRCQPRPAEQYPLRALLNGRGFCANASAAGSLSTYLPSQPAPGNISESEEEHNAGSVESQVVPSTHRVTDSKFHPLHAKMDVIKKGHARDSQRYKVDYESQSTDTQNFSSESKRETEYGPCRREMEDTLNHLKFLNVLSPRGVHIPNCDKKGFYKKKQCRPSKGRKRGFCWCVDKYGQPLPGYDTKGKDDVHCLSVQSQ,Igfbp3
35,path:mmu04115,mmu:170770,ENSMUSG00000002083,MARARQEGSSPEPVEGLARDSPRPFPLGRLMPSAVSCSLCEPGLPAAPAAPALLPAAYLCAPTAPPAVTAALGGPRWPGGHRSRPRGPRPDGPQPSLSPAQQHLESPVPSAPEALAGGPTQAAPGVRVEEEEWAREIGAQLRRMADDLNAQYERRRQEEQHRHRPSPWRVMYNLFMGLLPLPRDPGAPEMEPN,Bbc3
36,path:mmu04115,mmu:17246,ENSMUSG00000020184,MCNTNMSVSTEGAASTSQIPASEQETLVRPKPLLLKLLKSVGAQNDTYTMKEIIFYIGQYIMTKRLYDEKQQHIVYCSNDLLGDVFGVPSFSVKEHRKIYAMIYRNLVAVSQQDSGTSLSESRRQPEGGSDLKDPLQAPPEEKPSSSDLISRLSTSSRRRSISETEENTDELPGERHRKRRRSLSFDPSLGLCELREMCSGGSSSSSSSSSESTETPSHQDLDDGVSEHSGDCLDQDSVSDQFSVEFEVESLDSEDYSLSDEGHELSDEDDEVYRVTVYQTGESDTDSFEGDPEISLADYWKCTSCNEMNPPLPSHCKRCWTLRENWLPDDKGKDKVEISEKAKLENSAQAEEGLDVPDGKKLTENDAKEPCAEEDSEEKAEQTPLSQESDDYSQPSTSSSIVYSSQESVKELKEETQDKDESVESSFSLNAIEPCVICQGRPKNGCIVHGKTGHLMSCFTCAKKLKKRNKPCPVCRQPIQMIVLTYFN,Mdm2
37,path:mmu04115,mmu:17248,ENSMUSG00000054387,MTSHSTSAQCSASDSACRISSEQISQVRPKLQLLKILHAAGAQGEVFTMKEVMHYLGQYIMVKQLYDQQEQHMVYCGGDLLGDLLGCQSFSVKDPSPLYDMLRKNLVTSASINTDAAQTLALAQDHTMDFPSQDRLKHGATEYSNPRKRTEEEDTHTLPTSRHKCRDSRADEDLIEHLSQDETSRLDLDFEEWDVAGLPWWFLGNLRNNCIPKSNGSTDLQTNQDIGTAIVSDTTDDLWFLNETVSEQLGVGIKVEAANSEQTSEVGKTSNKKTVEVGKDDDLEDSRSLSDDTDVELTSEDEWQCTECKKFNSPSKRYCFRCWALRKDWYSDCSKLTHSLSTSNITAIPEKKDNEGIDVPDCRRTISAPVVRPKDGYLKEEKPRFDPCNSVGFLDLAHSSESQEIISSAREQTDIFSEQKAETESMEDFQNVLKPCSLCEKRPRDGNIIHGKTSHLTTCFHCARRLKKSGASCPACKKEIQLVIKVFIA,Mdm4
38,path:mmu04115,mmu:17873,ENSMUSG00000015312,MTLEELVASDNAVQKMQAVTAAVEQLLVAAQRQDRLTVGVYEAAKLMNVDPDSVVLCLLAIDEEEEDDIALQIHFTLIQSFCCDNDIDIVRVSGMQRLAQLLGEPAETLGTTEARDLHCLLVTNCHTDSWKSQGLVEVASYCEESRGNNQWVPYISLEER,Gadd45b
39,path:mmu04115,mmu:18787,ENSMUSG00000037411,MQMSSALACLILGLVLVSGKGFTLPLRESHTAHQATDFGVKVFQQVVQASKDRNVVFSPYGVSSVLAMLQMTTAGKTRRQIQDAMGFKVNEKGTAHALRQLSKELMGPWNKNEISTADAIFVQRDLELVQGFMPHFFKLFQTMVKQVDFSEVERARFIINDWVERHTKGMISDLLAKGAVDELTRLVLVNALYFSGQWKTPFLEASTHQRLFHKSDGSTVSVPMMAQSNKFNYTEFTTPDGLEYDVVELPYQGDTLSMFIAAPFEKDVHLSALTNILDAELIRQWKGNMTRLPRLLILPKFSLETEVDLRGPLEKLGMPDMFSATLADFTSLSDQEQLSVAQALQKVRIEVNESGTVASSSTAFVISARMAPTEMVIDRSFLFVVRHNPTETILFMGQVMEP,Serpine1
40,path:mmu04115,mmu:19211,ENSMUSG00000013663,MTAIIKEIVSRNKRRYQEDGFDLDLTYIYPNIIAMGFPAERLEGVYRNNIDDVVRFLDSKHKNHYKIYNLCAERHYDTAKFNCRVAQYPFEDHNPPQLELIKPFCEDLDQWLSEDDNHVAAIHCKAGKGRTGVMICAYLLHRGKFLKAQEALDFYGEVRTRDKKGVTIPSQRRYVYYYSYLLKNHLDYRPVALLFHKMMFETIPMFSGGTCNPQFVVCQLKVKIYSSNSGPTRREDKFMYFEFPQPLPVCGDIKVEFFHKQNKMLKKDKMFHFWVNTFFIPGPEETSEKVENGSLCDQEIDSICSIERADNDKEYLVLTLTKNDLDKANKDKANRYFSPNFKVKLYFTKTVEEPSNPEASSSTSVTPDVSDNEPDHYRYSDTTDSDPENEPFDEDQHSQITKV,Pten
41,path:mmu04115,mmu:20135,ENSMUSG00000020649,MLSVRTPLATIADQQQLQLSPLKRLTLADKENTPPTLSSTRVLASKAARRIFQDSAELESKAPTNPSVEDEPLLRENPRRFVVFPIEYHDIWQMYKKAEASFWTAEEVDLSKDIQHWEALKPDERHFISHVLAFFAASDGIVNENLVERFSQEVQVTEARCFYGFQIAMENIHSEMYSLLIDTYIKDPKEREYLFNAIETMPCVKKKADWALRWIGDKEATYGERVVAFAAVEGIFFSGSFASIFWLKKRGLMPGLTFSNELISRDEGLHCDFACLMFKHLVHKPAEQRVREIITNAVRIEQEFLTEALPVKLIGMNCTLMKQYIEFVADRLMLELGFNKIFRVENPFDFMENISLEGKTNFFEKRVGEYQRMGVMSNSTENSFTLDADF,Rrm2
42,path:mmu04115,mmu:20437,ENSMUSG00000036840,MSRQTATALPTGTSKCPPSQRVPALTGTTASNNDLASLFECPVCFDYVLPPILQCQSGHLVCSNCRPKLTCCPTCRGPLGSIRNLAMEKVANSVLFPCKYASSGCEITLPHTEKAEHEELCEFRPYSCPCPGASCKWQGSLDAVMPHLMHQHKSITTLQGEDIVFLATDINLPGAVDWVMMQSCFGFHFMLVLEKQEKYDGHQQFFAIVQLIGTRKQAENFAYRLELNGHRRRLTWEATPRSIHEGIATAIMNSDCLVFDTSIAQLFAENGNLGINVTISMC,Siah1a
43,path:mmu04115,mmu:20438,ENSMUSG00000040749,MSRQAATALSTGTSKCPPSQRVPALTDTTASNNDLASLFECPVCFDYVLPPILQCQSGHLVCSNCRPKLTCCPTCRGPLGSIRNLAMEKVANSVLFPCKYSASGCEITLPHTKKAEHEELCEFRPYSCPCPGASCKWQGSLDAVMPHLMHQHKSITTLQGEDIVFLATDINLPGAVDWVMMQSCFGFHFMLVLEKQEKYDGHQQFFAIVQLIGTRKQAENFAYRLELNGHRRRLTWEATPRSIHEGIATAIMNSDCLVFDTSIAQLFAENGNLGINVTISMC,Siah1b
44,path:mmu04115,mmu:20724,ENSMUSG00000067006,MDALRLANSAFAVDLFKQLCERDPAGNILFSPICLSTSLSLAQVGTKGDTANEIGQVLHFENVKDVPFGFQTVTSDVNKLSSFYSLKLVKRLYIDKSLNPSTEFISSTKRPYAKELETVDFKDKLEETKGQINSSIKELTDGHFEDILSENSISDQTKILVVNAAYFVGKWMKKFPESETKECPFRISKTDTKPVQMMNLEATFCLGNIDDISCKIIELPFQNKHLSMLIVLPKDVEDESTGLEKIEQQLNPETLLQWTNPSTMANAKVKLSLPKFKVEKMIDPKASLESLGLKSLFNESTSDFSGMSETKGVSLSNVIHRVCLEITEDGGESIEVPGSRILQHKDEFNADHPFIYIIRHNKTRNIIFFGKFCSP,Serpinb5
45,path:mmu04115,mmu:21825,ENSMUSG00000040152,MELLRGLGVLFLLHMCGSNRIPESGGDNGVFDIFELIGGARRGPGRRLVKGQDLSSPAFRIENANLIPAVPDDKFQDLLDAVWADKGFIFLASLRQMKKTRGTLLAVERKDNTGQIFSVVSNGKAGTLDLSLSLPGKQQVVSVEEALLATGQWKSITLFVQEDRAQLYIDCDKMESAELDVPIQSIFTRDLASVARLRVAKGDVNDNFQGVLQNVRFVFGTTPEDILRNKGCSSSTNVLLTLDNNVVNGSSPAIRTNYIGHKTKDLQAICGLSCDELSSMVLELKGLRTIVTTLQDSIRKVTEENRELVSELKRPPLCFHNGVQYKNNEEWTVDSCTECHCQNSVTICKKVSCPIMPCSNATVPDGECCPRCWPSDSADDGWSPWSEWTSCSATCGNGIQQRGRSCDSLNNRCEGSSVQTRTCHIQECDKRFKQDGGWSHWSPWSSCSVTCGDGVITRIRLCNSPSPQMNGKPCEGEARETKACKKDACPINGGWGPWSPWDICSVTCGGGVQRRSRLCNNPTPQFGGKDCVGDVTENQVCNKQDCPIDGCLSNPCFAGAKCTSYPDGSWKCGACPPGYSGNGIQCKDVDECKEVPDACFNHNGEHRCKNTDPGYNCLPCPPRFTGSQPFGRGVEHAMANKQVCKPRNPCTDGTHDCNKNAKCNYLGHYSDPMYRCECKPGYAGNGIICGEDTDLDGWPNENLVCVANATYHCKKDNCPNLPNSGQEDYDKDGIGDACDDDDDNDKIPDDRDNCPFHYNPAQYDYDRDDVGDRCDNCPYNHNPDQADTDKNGEGDACAVDIDGDGILNERDNCQYVYNVDQRDTDMDGVGDQCDNCPLEHNPDQLDSDSDLIGDTCDNNQDIDEDGHQNNLDNCPYVPNANQADHDKDGKGDACDHDDDNDGIPDDRDNCRLVPNPDQKDSDGDGRGDACKDDFDHDNVPDIDDICPENFDISETDFRQFQMIPLDPKGTSQNDPNWVVRHQGKELVQTVNCDPGLAVGYDEFNAVDFSGTFFINTERDDDYAGFVFGYQSSSRFYVVMWKQVTQSYWDTNPTRAQGYSGLSVKVVNSTTGPGEHLRNALWHTGNTPGQVRTLWHDPRHIGWKDFTAYRWRLSHRPKTGYIRVVMYEGKKIMADSGPIYDKTYAGGRLGLFVFSQEMVFFSDMKYECRDS,Thbs1
46,path:mmu04115,mmu:21933,ENSMUSG00000022074,MEPPGPSTPTASAAARADHYTPGLRPLPKRRLLYSFALLLAVLQAVFVPVTANPAHNRPAGLQRPEESPSRGPCLAGQYLSEGNCKPCREGIDYTSHSNHSLDSCILCTVCKEDKVVETRCNITTNTVCRCKPGTFEDKDSPEICQSCSNCTDGEEELTSCTPRENRKCVSKTAWASWHKLGLWIGLLVPVVLLIGALLVWKTGAWRQWLLCIKRGCERDPESANSVHSSLLDRQTSSTTNDSNHNTEPGKTQKTGKKLLVPVNGNDSADDLKFIFEYCSDIVPFDSWNRLMRQLGLTDNQIQMVKAETLVTREALYQMLLKWRHQTGRSASINHLLDALEAVEERDAMEKIEDYAVKSGRFTYQNAAAQPETGPGGSQCV,Tnfrsf10b
47,path:mmu04115,mmu:22059,ENSMUSG00000059552,MTAMEESQSDISLELPLSQETFSGLWKLLPPEDILPSPHCMDDLLLPQDVEEFFEGPSEALRVSGAPAAQDPVTETPGPVAPAPATPWPLSSFVPSQKTYQGNYGFHLGFLQSGTAKSVMCTYSPPLNKLFCQLAKTCPVQLWVSATPPAGSRVRAMAIYKKSQHMTEVVRRCPHHERCSDGDGLAPPQHLIRVEGNLYPEYLEDRQTFRHSVVVPYEPPEAGSEYTTIHYKYMCNSSCMGGMNRRPILTIITLEDSSGNLLGRDSFEVRVCACPGRDRRTEEENFRKKEVLCPELPPGSAKRALPTCTSASPPQKKKPLDGEYFTLKIRGRKRFEMFRELNEALELKDAHATEESGDSRAHSSYLKTKKGQSTSRHKKTMVKKVGPDSD,Trp53
48,path:mmu04115,mmu:22062,ENSMUSG00000029026,MAQTSSSSSSTFEHLWSSLEPDSTYFDLPQPSQGTSEASGSEESNMDVFHLQGMAQFNLLSSAMDQMGSRAAPASPYTPEHAASAPTHSPYAQPSSTFDTMSPAPVIPSNTDYPGPHHFEVTFQQSSTAKSATWTYSPLLKKLYCQIAKTCPIQIKVSTPPPPGTAIRAMPVYKKAEHVTDIVKRCPNHELGRDFNEGQSAPASHLIRVEGNNLAQYVDDPVTGRQSVVVPYEPPQVGTEFTTILYNFMCNSSCVGGMNRRPILVIITLETRDGQVLGRRSFEGRICACPGRDRKADEDHYREQQALNESTTKNGAASKRAFKQSPPAIPALGTNVKKRRHGDEDMFYMHVRGRENFEILMKVKESLELMELVPQPLVDSYRQQQQQQLLQRPSHLQPPSYGPVLSPMNKVHGGVNKLPSVNQLVGQPPPHSSAAGPNLGPMGSGMLNSHGHSMPANGEMNGGHSSQTMVSGSHCTPPPPYHADPSLVSFLTGLGCPNCIECFTSQGLQSIYHLQNLTIEDLGALKVPDQYRMTIWRGLQDLKQSHDCGQQLLRSSSNAATISIGGSGELQRQRVMEAVHFRVRHTITIPNRGGAGAVTGPDEWADFGFDLPDCKSRKQPIKEEFTETESH,Trp73
49,path:mmu04115,mmu:22084,ENSMUSG00000002496,MAKPTSKDSGLKEKFKILLGLGTSRPNPRCAEGKQTEFIITSEILRELSGECGLNNRIRMIGQICDVAKTKKLEEHAVEALWKAVSDLLQPERPPEARHAVLTLLKAIVQGQGDRLGVLRALFFKVIKDYPSNEDLHERLEVFKALTDNGRHITYLEEELAEFVLQWMDVGLSSEFLLVLVNLVKFNSCYLDEYIASMVHMICLLCIRTVSSVDIEVSLQVLDAVVCYNCLPAESLPLFIITLCRTINVKELCEPCWKLMRNLLGTHLGHSAIYNMCRIMEDRSYMEDAPLLRGAVFFVGMALWGAHRLYSLKNSPTSVLPSFYEAMTCPNEVVSYEIVLSITRLIKKYRKELQAVTWDILLDIIERLLQQLQNLDSPELKTIVHDLLTTVEELCDQNEFHGSQERYYELVESYADQRPESSLLNLISYRAQSIHPAKDGWIQNLQLLMERFFRNECRSAVRIKVLDVLSFVLLINRQFYEEELINSVVISQLSHIPEDKDHQVRKLATQLLVDLAEGCHTHHFNSLLDIIEKVMARSLSPPPELEERDLAMHSASLEDVKTAVLGLLVILQTKLYTLPASHATRVYESLISHIQLHYKHGYSLPIASSIRLQAFDFLLLLRADSLHRLGLPNKDGVVRFSPYCLCDCMELDRASEKKASGPLSPPTGPPSPVPMGPAVRLGYLPYSLLFRVLLQCLKQESDWKVLKLVLSRLPESLRYKVLIFTSPCSVDQLSSALCSMLSAPKTLERLRGTPEGFSRTDLHLAVVPVLTALISYHNYLDKTRQREMVYCLEQGLIYRCASQCVVALAICSVEMPDIIIKALPVLVVKLTHISATASMAIPLLEFLSTLARLPHLYRNFAAEQYASVFAISLPYTNPSKFNQYIVCLAHHVIAMWFIRCRLPFRKDFVPYITKGLRSNVLLSFDDTPEKDSFRARSTSLNERPKSRIQTSLTSASLGSADENSMAQADDNLKNLHLELTETCLDMMARYVFSNFTAVPKRSPVGEFLLAGGRTKTWLVGNKLVTVTTSVGTGTRSLLGLDSGDLQGGSDSSSDPSTHVRQTKEAPAKLESQAGQQVSRGARDRVRSMSGGHGLRVGVLDTSAPYSPGGSASLGPQTAVAAKPEKPPAGAQLPTAEKTNLAAYVPLLTQGWAEILVRRPTGNTSWLMSLENPLSPFSSDINNMPLQELSNALMAAERFKEHRDTALYKSLSVPAAGTAKPPTLPRSNTDSAMVLEEGSPGETQVPVEPPELEDFEAALGTDRHCQRPDTYSRSSSASSQEEKSHLEELAAGGIPIERAISSEGARPAVDLSFQPSQPLSKSSSSPELQTLQDILGDLGDKIDIGRLSPEAKVRSQSGILDGEAATWSATGEESRITVPPEGPLPSSSPRSPSGLRPRGYTISDSAPSRRGKRVERDNFKSRAAASSAEKVPGINPSFVFLQLYHSPFFGDESNKPILLPNESFERSVQLLDQIPSYDTHKIAVLYVGEGQSSSELAILSNEHGSYRYTEFLTGLGRLIELKDCQPDKVYLGGLDVCGEDGQFTYCWHDDIMQAVFHIATLMPTKDVDKHRCDKKRHLGNDFVSIIYNDSGEDFKLGTIKGQFNFVHVIITPLDYKCNLLTLQCRKDMEGLVDTSVAKIVSDRNLSFVARQMALHANMASQVHHSRSNPTDIYPSKWIARLRHIKRLRQRIREEVHYSNPSLPLMHPPAHTKAPAQAPEATPTYETGQRKRLISSVDDFTEFV,Tsc2
50,path:mmu04115,mmu:22401,ENSMUSG00000027663,MILLQQVWLPLPNRPSTSPPMSVAARSTRTLQLPPQKAFGQEASLPLAGEEDLAKRGEPDSALEELCKPLFCKLCNVTLNSAQQAQAHYQGKNHGKKLRNYYAANSCPPPARVSSVVAEPVATPLVPVPPQVGSCKPGGRVILATENDYCKLCDASFSSPAVAQAHYQGKNHAKRLRLAEAQSHSFSDSAEAGQRRTRKEGSEFKMVATRRNMYPVQSNSGPYFNARSRQRIPRDLAMCVTPSGQFYCSMCNVGAGEEVEFRQHLESKQHKSKVSEQRYRSEMENLGYVQ,Zmat3
51,path:mmu04115,mmu:230784,ENSMUSG00000028893,MIVADSECHSEIKGYLPFTRGGVAGPETREEHREGQARRGSRGPSAFIPVEEILREGAESLEQHLGLEALMSSGRVDNLAVVMGLHPDYLSSFWRLHYLLLHTDGPLASSWRHYIAIMAAARHQCSYLVGSHMTEFLQTGGDPEWLLGLHRAPEKLRKLSEVNKLLAHRPWLITKEHIQALLKTGEHSWSLAELIQALVLLTHCHSLASFVFGCGILPEGDAEGSPASQAPSPPSEQGTPPSGDPLNNSGGFEAARDVEALMERMRQLQESLLRDEGASQEEMENRFELEKSESLLVTPSADILEPSPHPDILCFVEDPAFGYEDFTRRGTQAPPTFRAQDYTWEDHGYSLIQRLYPEGGQLLDEKFQVACSLTYNTIAMHSGVDTSMLRRAIWNYIHCVFGIRYDDYDYGEVNQLLERNLKIYIKTVACYPEKTTRRMYNLFWRHFRHSEKVHVNLLLLEARMQAALLYALRAITRYMT,Sesn2
52,path:mmu04115,mmu:23882,ENSMUSG00000021453,MTLEEVRGQDTVPESTARMQGAGKALHELLLSAQRQGCLTAGVYESAKVLNVDPDNVTFCVLAADEEDEGDIALQIHFTLIQAFCCENDIDIVRVGDVQRLAAIVGADEEGGAPGDLHCILISNPNEDTWKDPALEKLSLFCEESRSFNDWVPSITLPE,Gadd45g
53,path:mmu04115,mmu:245000,ENSMUSG00000032409,MGDHGLELASMIPALRELASATPEEYNTVVQKPRQILCQFIDRILTDVNVVALELVKKTDAQPTSVMLLDFIQHIMKSSPLMFVNVNGSQGQNEAKDSCIEFSHWIITRLLRIAATPSCHMLHKKICEVICSLLFLFKSKNPAIFGVLTRELLYLFEDLIYLHKRNAVGEVMEWPVVVSRFLSRLDEHMGCLQPAPLQFMNVQNVEFIEVTLLMVLIHIVPTVFFRRQELLLWQIGCALLEHGSPKIRSLAISLLTELFELGGLPAQPASTFFSLFLELLQHLVGMDADQLKLYEEPLSKLLKTLFPFEAEAYRNIEPVYLNVLLEKLSVMFEDRVLMRLKSDLLKAALCHLLQYFLTFVPAGYESALQVRKVYVTNICRALVDALGVQKHVGYLLGPFYAALKMESKEIIERIQCQAQQENLSGNNDEVSPKRRKLSSSLSSYKKPSRQPEEIIHVDMDKKSILWNVLKQKAESLQISLECGTLKNSVAEALEGITVVLQLTALCTVHCSHQDMDGHNVKDHQHKYKKKPPVVVTWMSLDFYTKVLKSCRSLLESVQKLELELVIDSMVRICDALMYMQVKSSFKDHVLEELCGMLSLPWIYSYSDDNSLKMTTFATNLLPLSQRVWDSYSPQAQSKCVFLLTLFPRRIFLEWRTAVYNWALKSSHEVIRASCVKGFFILLHQQNSCNQIPKMLVDRVKDDSDMVKKEFASVLGQLVCTLHGMFYLSSSVEPCFEHMDLFSKNLKATSQHECSSSQVKASTCKPFLFLLTKNTPSPVKLAFIDNLHHLCKHLDFQEDEREVKAVLGTLLNLMEDPDKDVRIAFSGNIKYILESLNSEDGFVKELFVLRMKEAYTHAQIARNNELKDTLILTTGDIGRAAKGDLIPFALLHLLHCLLSKSASVSGAAYTEIRALVAAKSVKLQNFFSQYKKPICQFLVESLHSSQMTALPSAPCQSSEIRKQDVAHHREMALNTLSEIANVFDFPDLNRFLTRTLQVLLPDLAAKASPAASALIRTLGKQLNVSRREILINNFKYIFSHLVCSCSKDELERALHYLKNETEIELGSLLRQDFQGLHNELLLRIGEHYQQVFNGLSILASFASSDDPYQGPRDITSPELMADYLQPKLLGILAFFNMQLLSSSVGIEDKKMALTSLMSLMKLMGPKHVSSVRVKMMTTLRTGLRFKDDFPELCCRAWDCFVRCLDHAYLGPLLSHVIVALLPLIHMQPKETAAIFHYLIIENRDAVQDFLHEIYFLPDHPELEKIKAVLQEYRKETSETTDLQTTLQLSMKAIQHENVDVRIHALTSLKETLYKNQEKLIKYATDSETVEPVISQLVTVILKGCQDANSQARLLCGECLGELGAIDPGRLDFSTTETQGKDFTFVTGVEDLSFAYGLLMELTRAYLAYADNSRAQDSAAYAIQELLSIYDCREMQSNGPGYQLWKRFPEHVREILEPHLNTRYKSSQKSTDWSGVTKPIYLSKLGNNFAEWSSSWAGYLITKVRDNLASKIFTCCSIMMKHDFKVTIYLLPHILVYVLLGCNQEDQQEVYAEIMAVLKHDEQHAISTQDSASDLCQLSTQTVFSVLDHLTQWARHKFQALNAEKLAQNKPKGGKVNKILSNVNFEDYQSVTRFLDLIPQDTLAVASFRSKAYTRAVMHFESFITEKKQNIQKHLGFLQKLYAAMHEPDGVAGVSAIRKAEPSLKEQILEHESIGLLRDATACYDRAIQLEPDQIIHYHGVVKSMLGLGQLSTVITQVNGVHANRSEWTDELNTYRVEAAWKLSQWDLVENYLAADGKSTTWSVRLGQLLLSAKKRDTTTFYDTLKLVRAEQIVPLSAASFERGSYQRGYEFIVRLHMLCELEHSLKPLFRKSPGDSCNEDSLNWGARLEMTQNSYRAKEPILALRRALLSLNKRPDYNEMVGECWLQSARVARKAGHHQTAYNALLNAGESRLAELYVERAKWLWSKGDVHQALIVLQKGVELCFPENKSPSESKHMLIHGRATLLVGRFMEETANFESNAVMKKYKDVTLFLPEWEDGHFYLAKYYDKLMPMVTDNKMEKQGDLIRYIVLHFGRSLQYGNQFIYQSMPRMLSLWLDFGAKAYEWEKGGRSDRLQMRNDLAKINSVLTEHTNRLAPYQFLTAFSQLISRICHSHDEVFVVLMEIIAKVFLAYPQQAMWMMTAVSKSSYPMRVNRCKEILTKAIHMKKSLEKFVGDATRLTDKLLELCNKSVDGSNSTLSMSTHFKMLKRLVEDPTFSEILIPLQSVMIPTLPSVLGAHANHDPFPGHWAYLAGFDDVVEILSSLQKPKKISLKGSDGKFYIMMCKPKDDLRKDCRLMEFNSLINKSLRKDAESRRRELHIRTYAVIPLNDECGIIEWVNNTAGLRPILTKIYKEKGVYMTGKELRQCMLPKSAALSEKLKVFQELLLPRHPPVFHEWFLRTFPDPTSWYSSRSAYCRSTAVMSMVGYILGLGDRHGENILFDSFTGECVHVDFNCLFNKGETFEVPEIVPFRLTHNMVNGMGPMGTEGLFRRACEVTLRLMRDQREPLMSVLKTFLHDPLVEWSKPVKGHSKAPLNETGEVVNEKAKTHVLDIEQRLQGVIKTRNRVTGLPLSIEGHVHYLIQEATDENLLCQMYLGWTPYM,Atr
54,path:mmu04115,mmu:26374,ENSMUSG00000040782,MSGSRQAGSGSAGTSPGSSAASSVTSASSSLSSSPSPPSVAASAATLVSGGVAPAAGSGGLGGPGRPVLVAAAVSGSASAGGAVSAGQSRLSCAARPSAGVGGSSSSLGSSSRKRPLLVPLCNGLLNSYEDKSNDFVCPICFDMIEEAYMTKCGHSFCYKCIHQSLEDNNRCPKCNYVVDNIDHLYPNFLVNELILKQKQRFEEKRFKLDHSVSSTNGHRWQIFQDLLGTDQDNLDLANVNLMLELLVQKKKQLEAESHAAQLQILMEFLKVARRNKREQLEQIQKELSVLEEDIKRVEEMSGLYSPVSEDSTVPQFEAPSPSHSSIIDSTEYSQPPGFSGTSQTKKQPWYNSTLASRRKRLTAHFEDLEQCYFSTRMSRISDDSRTASQLDEFQECLSKFTRYNSVRPLATLSYASDLYNGSSIVSSIEFDRDCDYFAIAGVTKKIKVYEYGTVIQDAVDIHYPENEMTCNSKISCISWSSYHKNLLASSDYEGTVILWDGFTGQRSKVYQEHEKRCWSVDFNLMDPKLLASGSDDAKVKLWSTNLDNSVASIEAKANVCCVKFSPSSRYHLAFGCADHCVHYYDLRNTKQPIMVFKGHRKAVSYAKFVSGEEIVSASTDSQLKLWNVGKPYCLRSFKGHINEKNFVGLASNGDYIACGSENNSLYLYYKGLSKTLLTFKFDTVKSVLDKDRKEDDTNEFVSAVCWRALSDGESNVLIAANSQGTIKVLELV,Cop1
55,path:mmu04115,mmu:268697,ENSMUSG00000041431,MALRVTRNTKINAENKAKVSMAGAKRVPVTVTAASKPGLRPRTALGDIGNKVSEELQARVPLKREAKTLGTGKGTVKALPKPVEKVPVCEPEVELAEPEPEPELEHVREEKLSPEPILVDNPSPSPMETSGCAPAEEYLCQAFSDVILAVSDVDADDGADPNLCSEYVKDIYAYLRQLEEEQSVRPKYLQGREVTGNMRAILIDWLIQVQMKFRLLQETMYMTVSIIDRFMQNSCVPKKMLQLVGVTAMFIASKYEEMYPPEIGDFAFVTNNTYTKHQIRQMEMKILRVLNFSLGRPLPLHFLRRASKVGEVDVEQHTLAKYLMELSMLDYDMVHFAPSQIAAGAFCLALKILDNGEWTPTLQHYLSYSEDSLLPVMQHLAKNVVMVNCGLTKHMTVKNKYAASKHAKISTLAQLNCTLVQNLSKAVTKA,Ccnb1
56,path:mmu04115,mmu:29813,ENSMUSG00000000552,MILGSLSRAGPLPLLRQPPIMQPPMDLKQILPFPLEPAPTLGLFSNYSTMDPVQKAVLSHTFGGPLLKTKRPVISCNVCQIRFNSQSQAEAHYKGNRHARRVKGIEAAKTRGREPSVRESGDPAPAGSIPPSGDGVAPRPVSMENGLGPAPGSPEKQPGSPSPPSVPESGQGVTKGEGGTSVPASLPGGSKEEEEKAKRLLYCALCKVAVNSLSQLEAHNKGTKHKTILEARSGLGPIKAYPRLGPPTPGEPEAPAQDRTFHCEICNVKVNSEVQLKQHISSRRHRDGVAGKPNPLLSRHKKPRGAAELAGTLTFSKELPKSLAGGLLPSPLAVAAVMAAAAGSPLSLRPAPAAPLLQGPPITHPLLHPAPGPIRTAHGPILFSPY,Zfp385a
57,path:mmu04115,mmu:29870,ENSMUSG00000022385,MDAGSKKEDFLLLEDEKFDFDLSLSSSSTNEDDEVFFGPVGHKERCIAASLDLNRRVPGQPLAPGSGSPCTLSPLTGEKFVEVYKEAHLLALQIESHSRREVAQAATPQNPVNQGKETFVQDSQLKVSLFEKEQKRDRSPMSLKRETFCLPSSRVQPPMGEPQLLASPGLLSSPVSAGPAQTQSNQGLPCSSQPLPRESSTSQPPSQAGPQKRITSKLQPPRALPVRGRNLHLATEKLKKEVPASIQRTKLVNEKGSQSDVLQDKPSTAPDAASREGHPGKRSLPIPGKLGLKKTLLKPPGYTGNLTRKSSTSGSASSLESGVYRSSVAGKAKSSEQRSSIPASGSQRRTSTSKSGRIGPAASRQALPAAPARVFGRQANKADAAQTVAEQPKVPTLSPLTQQPQTPEQRGPRLDPDTETPQLNKTVSIKRRDSYLSCKTEAVSTTTNPFKVPQFSVGESPGGVTPKFSRTHRLQSWTPASRVVSSTPVRRSSGTTPQGLPGSMRTPLSTRRMSVLPTPASRRLSSLPLMAPQSMPRALVSPLCVPARRLSSEPRRRSTVRAELTQESSGSGSGGQAQGLSSDESSSPPSSVPQALNFSPEKSASPPPQGSSTGAAQGEAEPPEDTLPSEVHGGGCSHTPSEGLLLDLKLDQLTITPEAGGRDLADCPLIDFSNTPESNTALGPSSWPLIDLIMNTPDMGRNDVGKPAKAELGQLIDLGSPLIQLSPEADKENVDSPLLKF,Gtse1
58,path:mmu04115,mmu:30954,ENSMUSG00000064326,MPKRSCPFADAAPLQLKVHVGLKELSHGVFAERYSREVFERTKQLLFQGARAYRDHISSEDCSVNHLQESLKSGVVGAPQPARGQMLIGPDGRLTRCQAQASEGGLPRTAPIACSSCMRSVDGKAVCSQCERALCGQCVYTCWGCGALACVLCGLADYADDGEKTLCTSCAMFEA,Siva1
59,path:mmu04115,mmu:333654,ENSMUSG00000040734,MDSEAFQHARDLLDLNFQSLAMKHMDLKQMELDTAAAKVDELTKQLESLWSDSPAPPGAQAGVPSRMARYSTSPVPEHFGSRGSPQKIATDGIEARFGRSESAPSLHPYSPLSPKGRPSSPRTPIYLQPDTYSSLDRAPSPRPRAFDGAGSPHGRAPSPRPGIGPVRQPGPSTPFDYLGRAGSPRGSPLAEGPQAFFPERGPSPRPPAAAYDTAGTFGSPLLGAGGSAFTPPLRAQDDSTLRRRPPKAWNESDLDVAYEKKSSQTASYERLDVFTRPASPGLQLLPWRESSLDGLGASGKDHLTSATLPRNYKVSPLASDRRSDVGSYRRSLGSAGPSGTLPRSWQPVSRIPMPPSSPQPRSTPRQRPIPLSMIFKLQNAFWEHGAGRAVLPGSPIFSRAPPPKLPPQPPPQPQMQPQPQPQPQMQPQSQAQPQTPAPQQTWSPMNEGLLKSPAELEPEPELEVLLAPVEEAGDADEGTVTRPLSPTRLQPALPPEAQTVPELEEVARVLAEIPRPLKRRGSMEQSPAVALPPTHKKQYQQIINRLFHRHGGPGPGGPEPELSTITEGSEARAGPPAPAPPAPIPPPAPPQSSPPEQPQSMEMRSVLRKVGSPRKARRARLNPLVLLLDAALTGELDVVQQAVKEMNDPSQPNEEGITALHNAICGANYPIVDFLIAAGANVNSPDSHGWTPLHCAASCNDTAICTALVQHGAAIFATTLSDGATAIEKCDPYREGYADCATYLADVEQSMGLMHNGVVYALWDYSAEFGDELSFREGESVTVLRRDGPEETDWWWASLHGQEGYVPRNYFGLFPRVKSQRSKI,Ppp1r13l
60,path:mmu04115,mmu:382985,ENSMUSG00000022292,MGDPERPEAARPEKGEQLCSETEENVVRSNEEPLLRKSSRRFVIFPIQYPDIWRMYKQAQASFWTAEEVDLSKDLPHWNKLKSDEKYFISHILAFFAASDGIVNENLVERFSQEVQVPEARCFYGFQILIENVHSEMYSLLIDTYIRDPKKREFLFNAIETMPYVKKKADWALRWIADRKSTFGERVVAFAAVEGIFFSGSFAAIFWLKKRGLMPGLTFSNELISRDEGLHCDFACLMFQYLVNKPSEDRVREIIADAVQIEQEFLTEALPVGLIGMNCVLMKQYIEFVADRLLGELGFSKIFQAENPFDFMENISLEGKTNFFEKRVSEYQRFAVMAETTDNVFTLDADF,Rrm2b
61,path:mmu04115,mmu:434175,ENSMUSG00000048574,MALRVTRNTKINAENKAKVSMAGAKRVPVTVTAASKPGLRPRTALGDIGNKVSEELQARVPLKREAKTLGTGKGTVKALPKPVEKVPVCEPEVELAEPEPEPELEHVREEKLSPEPILVDNPSPSPMETSGCAPAEEYLCQAFSDVILAVSDVDADDGADPNLCSEYVKDIYAYLRQLEEEQSVRPKYLQGREVTGNMRAILIDWLIQVQMKFRLLQETMYMTVSIIDRFMQNSCVPKKMLQLVGVTAMFIASKYEEMYPPEIGDFAYVTNNTYTKHQIRQMEMKILRVLNFSLGRPLPLHFLCRASKVGEVDVEQHTLAKYLMELSMLDYDMVHFAPSQIAAGAFCLALKILDNGEWTPTLQHYLSYSEDSLLPVMQHLAKNVVMVNCGLTKHMTFKNKYAASKHAKISTLAQLNSALVQNLSKAVTKAYLQWTATSADAVGTMCRLYIGYLPCLLALQ,Ccnb1-ps
62,path:mmu04115,mmu:50883,ENSMUSG00000029521,MKSHHQSHSSTSSKAHDSASCSQSQGGFSQPQGTPSQLHELSQYQGSSSSSTGTVPSSSQSSHSSSGTLSSLETVSTQELCSIPEDQEPEEPGPAPWARLWALQDGFSNLDCVNDNYWFGRDKSCEYCFDGPLLRRTDKYRTYSKKHFRIFREMGPKNCYIVYIEDHSGNGTFVNTELIGKGKRCPLSNNSEIALSLCRNKVFVFFDLTVDDQSVYPKELRDEYIMSKTLGSGACGEVKMAFERKTCQKVAIKIISKRRFALGSSREADTAPSVETEIEILKKLNHPCIIKIKDVFDAEDYYIVLELMEGGELFDRVVGNKRLKEATCKLYFYQMLVAVQYLHENGIIHRDLKPENVLLSSQEEDCLIKITDFGQSKILGETSLMRTLCGTPTYLAPEVLVSNGTAGYSRAVDCWSLGVILFICLSGYPPFSEHKTQVSLKDQITSGKYNFIPEVWTDVSEEALDLVKKLLVVDPKARLTTEEALNHPWLQDEYMKKKFQDLLVQEKNSVTLPVAPAQTSSQKRPLELEVEGMPSTKRLSVCGAVL,Chek2
63,path:mmu04115,mmu:53892,ENSMUSG00000020525,MAGLYSLGVSVFSDQGGRKYMEDVTQIVVEPEPAAEDKPAPVPRRALGLPATPTLAGVGPSEKGPAAARDPAPDAAASLPAGRCCRRRSSVAFFAVCDGHGGREAAQFAREHLWGFIKKQKGFTSSEPAKVCAAIRKGFLACHLAMWKKLAEWPKTMTGLPSTSGTTASVVIIRGMKMYVAHVGDSGVVLGIQDDPKDDFVRAVEVTQDHKPELPKERERIEGLGGSVMNKSGVNRVVWKRPRLTHSGPVRRSTVIDQIPFLAVARALGDLWSYDFFSGKFVVSPEPDTSVHTLDPRKHKYIILGSDGLWNMVPPQDAISMCQDQEEKKYLMGEQGQSCAKMLVNRALGRWRQRMLRADNTSAIVICISPEVDNQGNFTNEDELFLNLTDSPTYNSQETCVMTSSPSSTPPIKSPEEDAWPRLSSKDHIPALVRSNAFSEKFLEVPAEIARGNIQTVVMTSKDSETLEENCPKALTLRIHDSLNNTLSVGLIPTNSTNTIMDQKNLKMSTPGQMKAQEVERTPPANFKRTLEESNSGPLMKKHRRNGLSRSSGAQASSLPTASQRRHSVKLTLRRRLRGQRKMGNPLLHQHRKTVCVC,Ppm1d
64,path:mmu04115,mmu:55948,ENSMUSG00000047281,MERASLIQKAKLAEQAERYEDMAAFMKSAVEKGEELSCEERNLLSVAYKNVVGGQRAAWRVLSSIEQKSNEEGSEEKGPEVKEYREKVETELRGVCDTVLGLLDSHLIKGAGDAESRVFYLKMKGDYYRYLAEVATGDDKKRIIDSARSAYQEAMDISKKEMPPTNPIRLGLALNFSVFHYEIANSPEEAISLAKTTFDEAMADLHTLSEDSYKDSTLIMQLLRDNLTLWTADSAGEEGGEAPEEPQS,Sfn
65,path:mmu04115,mmu:57913,ENSMUSG00000025507,MAAVLEGQEPEETAAAAEDAATSTLEAVDAGPGAPFLPAGNQLNLDLRPGGCHRLQYLCSQQPPQLLQVEFLRLSTHEDPQLLDDTLAKVPWSLLRLRSLVLKGGQSRGALGACLHGTLTTLPAGLSDLACLAHLDLSFNRLETLPTCVPELHGLDALLLSHNHLSELPEALGALPALTFLTVTHNRLERLPLTLGSLSTLQRLDLSENLLDTIPSEIGNLRSLSELNLASNRLQSLPASLAGLRSLRLLVLHSNLLTSVPTGLVHLPLITRLDLRDNRLRDLPAELLDAPFVRLQGNPLGEASPAPPSPPDISQVPEMPRLLLTSDLDSFLVTPHGCSVTLACGVRLQFPAGATTTPVTIHYRLWLPEPGLVSLGPHDFLLSSVLELQPHGVAFQQDVSLWLLFVPPRVRRCREVVVRTRSNNTWNDLETQLEEEAPKRLWARCQVPHFSWFLVVLRPVSNTCLLPPEGALLCSSGHPGVRVTFPPGVTEEPRQVSMQVVHMAGLELRTLLEESEASVSPLLCLSQSGPPSFLQPVTVQLPLPPGVTGFSLDRSHLHLLYRTPLTTTWDDITTQVALEFTHLYARFQVTHFSWYWLWYTTKTCVGGLARKAWERLRLHRVNLIALQRRRDPEQVLLQCLPRNKVDATLSRLLVRYRGPEPSETVEMFEGEKFFAAFERGIDVDADRPDCVDGRICFVFYSHLKNVKEVYITTALDREAQDVRGQVSFYRGSLPVEVPAEAEAARQRKGTDALWMATLPIKLPRLRGAQGSGQGTDFSLMPLNLGDAETGFLTQSNLLSVASRLGPDWPAVALHLGMPYHKLQRIRHEFRDDLDGQVRHMLFSWAERQTGQPGAVGHLVQALEQSDRRDVAEEVRAILELGRHKYQDSIRRTGLAPEDSTLPGTSASQTPESAQA,Pidd1
66,path:mmu04115,mmu:58801,ENSMUSG00000024521,MPGRKARRNAPVNPTRAELPPEFAAQLRKIGDKVYCTWSAPDITVVLAQMPGKSQKSRMRSPSPTRVPADLKDECAQLRRIGDKVNLRQKLLNLISKLFNLVT,Pmaip1
67,path:mmu04115,mmu:64058,ENSMUSG00000019851,MLRCGLACERCRWILPLLLLSAIAFDIIALAGRGWLQSSNHIQTSSLWWRCFDEGGGSGSYDDGCQSLMEYAWGRAAAATLFCGFIILCICFILSFFALCGPQMLVFLRVIGGLLALAAIFQIISLVIYPVKYTQTFRLHDNPAVNYIYNWAYGFGWAATIILIGCSFFFCCLPNYEDDLLGAAKPRYFYPPA,Perp
68,path:mmu04115,mmu:66940,ENSMUSG00000025647,MAAPAPSLWTLLLLLLLLPPPPGAHGELCRPFGEDNSIPVFCPDFCCGSCSNQYCCSDVLRKIQWNEEMCPEPESRFSTPAEETPEHLGSALKFRSSFDSDPMSGFGATVAIGVTIFVVFIATIIICFTCSCCCLYKMCCPQRPVVTNTTTTTVVHAPYPQPQPQPVAPSYPGPTYQGYHPMPPQPGMPAAPYPTQYPPPYLAQPTGPPPYHESLAGASQPPYNPTYMDSLKTIP,Shisa5
69,path:mmu04115,mmu:67874,ENSMUSG00000075334,MNSVLGNQTDVAGLFLVNSSEALERAVRCCTQASVVTDDGFAEGGPDERSLYIMRVVQIAVMCVLSLTVVFGIFFLGCNLLIKSEGMINFLVKDRRPSKEVEAVVVGPY,Rprm
70,path:mmu04115,mmu:68098,ENSMUSG00000029397,MAATAREDGVRNLAQGPRGCEHYDRACLLKAPCCDKLYTCRLCHDTNEDHQLDRFKVKEVQCINCEKLQHAQQTCEDCSTLFGEYYCSICHLFDKDKRQYHCESCGICRIGPKEDFFHCLKCNLCLTTNLRGKHKCIENVSRQNCPICLEDIHTSRVVAHVLPCGHLLHRTCYEEMLKEGYRCPLCMHSALDMTRYWRQLDTEVAQTPMPSEYQNVTVDILCNDCNGRSTVQFHILGMKCKLCDSYNTAQAGGRRVPVDQQ,Rchy1
71,path:mmu04115,mmu:68428,ENSMUSG00000026389,MSGEMDKPLISRRLVDSDGSLAEVPKEAPKVGILGSGDFARSLATRLVGSGFSVVVGSRNPKRTAGLFPSLAQVTFQEEAVSSPEVIFVAVFREHYSSLCSLADQLAGKILVDVSNPTEKEHLQHRQSNAEYLASLFPACTVVKAFNVISAWALQAGPRDGNRQVLICSDQPEAKRTISEMARAMGFTPLDMGSLASAREVEAIPLRLLPSWKVPTLLALGLFVCFYTYNFIRDVLQPYIRKDENKFYKMPLSVVNTTLPCVAYVLLSLVYLPGVLAAALQLRRGTKYQRFPDWLDHWLQHRKQIGLLSFFFAMLHALYSFCLPLRRSHRYDLVNLAVKQVLANKSRLWAEEEVWRMEIYLSLGVLALGMLSLLAVTSLPSIANSLNWKEFSFVQSTLGFVALILSTMHTLTYGWTRAFEENHYKFYLPPTFTLTLLLPCVIILAKGLFLLPCLNRRLTKIRRGWEKDGAVKFMLPGDHTQGEKTSHV,Steap3
72,path:mmu04115,mmu:71361,ENSMUSG00000020085,MGSQVSVDTGAVHVVIVGGGFGGIAAASQLQALNVPFMLVDMKDSFHHNVAALRASVESGFAKKTFISYSATFKDNFRQGKVIGIDLKNRMVLLQGGEALPFSHLILATGSTGPFPGKFNEVSCQQAAIQAYEDMVKQIQRSQFIVVVGGGSAGVEMAAEIKTEYPEKEVTLIHSRVPLADKELLPCVRQEVKEILLRKGVQLLLSERVSNLEELPRNEYREYIKVETDKGTEVATNMVIVCNGIKINSSAYRSAFESRLASNGALKVNEFLQVEGYSNIYAIGDCADTKEPKMAYHAGLHANVAVANIVNSMKQRPLKAYKPGALTFLLSMGRNDGVGQISGFYVGRLMVRLAKSRDLLISTSWKTMRQSPP,Aifm2
73,path:mmu04115,mmu:75747,ENSMUSG00000032009,MNRGGSSASASANYLLCTNCRKVLRKDKRIRVSQPLTRGPSAFIPEKEVVQANTADERTNFLVEEYSTSGRLDNITQVMSLHTQYLESFLRSQFYMLRMDGPLPLPDRHYIAIMAAARHQCSYLINMHVDEFLKTGGIAEWLNGLEYVPQRLRNLNEINKLLAHRPWLITKEHIQKLVKTGENNWSLPELVHAVVLLAHYHALASFVFGSGINPERDPGIANGFRLISVSSFCVCDLANDNSIENTSLAGSNFGIVDSLGELEALMERMKRLQEDREDDETTREEMTTRFEKEKKESLFVVPGETLHAFPHSDFEDDVIVTADVSRYIEDPSFGYEDFARRGEEHLPTFRAQDYTWENHGFSLVNRLYSDIGHLLDEKFRMVYNLTYNTMATHEDVDTTTLRRALFNYVHCMFGIRYDDYDYGEVNQLLERSLKVYIKTVTCYPERTTKRMYDSYWRQFTHSEKVHVNLLLMEARMQAELLYALRAITRHLT,Sesn3
74,path:mmu04115,mmu:98376,ENSMUSG00000040124,MAQDWAGFSEEELRRLKQNKDPFEPQRRIPVKKTRQQLQREKALLEQSQKLGLQDGSASLLPEQLLSAPKQRANSQKPRSPSPVAPSPLTPTSSSGDGKLPGVGSQPQEPGLENSHHGHKSAEVRAPKPDCKVEKKKMELQEKSRWEVLQQEQRLMEEKNKRKKALLAQAIAERSKKTQAETIKLKRIQKELQALDDMVSADIGILRNRIDQASLEYSYARKRFDRAEAEYITAKLDLQRKTETKEQLTEHLCTIIQQNELRKAKKLEELMQQLDVQADEEALQLEVEVEQLLREQEAEAAKQMASVERLCPPDGESVSSELAEENNEPQKQAPSPETDKPGKCCSSSPHRLDCPDPGAKNFSAAVAT,Gorab
